{"cameraMode":{"drawMode":0,"name":"Shaded","section":"Shading Mode"},"sceneLighting":false,"audioPlay":false,"sceneViewState":{"showFog":true,"showMaterialUpdate":true,"showSkybox":false,"showFlares":true,"showImageEffects":true,"showParticleSystems":true},"in2DMode":false,"pivot":{"x":987.6300048828125,"y":56.029998779296878,"z":225.72999572753907},"rotation":{"x":0.3628585934638977,"y":-0.4971619248390198,"z":0.24039120972156526,"w":0.7506473660469055},"size":0.4330126941204071,"orthographic":false}