{"cameraMode":{"drawMode":0,"name":"Shaded","section":"Shading Mode"},"sceneLighting":true,"audioPlay":false,"sceneViewState":{"showFog":true,"showMaterialUpdate":true,"showSkybox":true,"showFlares":true,"showImageEffects":true,"showParticleSystems":true},"in2DMode":false,"pivot":{"x":13.377376556396485,"y":-4.166774749755859,"z":42.34440994262695},"rotation":{"x":0.2682549059391022,"y":-0.25895217061042788,"z":0.07516385614871979,"w":0.924894392490387},"size":37.71072769165039,"orthographic":false}