{"cameraMode":{"drawMode":0,"name":"Shaded","section":"Shading Mode"},"sceneLighting":false,"audioPlay":false,"sceneViewState":{"showFog":true,"showMaterialUpdate":false,"showSkybox":false,"showFlares":true,"showImageEffects":true,"showParticleSystems":true},"in2DMode":false,"pivot":{"x":1.1920928955078126e-7,"y":1.009767770767212,"z":-1.1920928955078126e-7},"rotation":{"x":0.12213964760303498,"y":0.3986808955669403,"z":-0.053670190274715427,"w":0.9073542356491089},"size":1.5430701971054078,"orthographic":false}